Img_001_L_1.jpg;446;340
Img_001_L_2.jpg;591;309
Img_001_L_3.jpg;569;250
Img_001_L_4.jpg;601;324
Img_001_L_5.jpg;703;276
Img_001_R_1.jpg;661;215
Img_001_R_2.jpg;537;283
Img_001_R_3.jpg;574;378
Img_001_R_4.jpg;502;403
Img_001_R_5.jpg;494;345
Img_002_L_2.jpg;387;270
Img_002_L_3.jpg;754;320
Img_002_L_4.jpg;695;280
Img_002_L_5.jpg;600;361
Img_002_R_1.jpg;716;454
Img_002_R_2.jpg;608;397
Img_002_R_3.jpg;421;456
Img_002_R_4.jpg;456;338
Img_002_R_5.jpg;459;321
Img_002_R_6.jpg;509;423
Img_003_L_1.jpg;549;260
Img_003_L_2.jpg;620;248
Img_003_L_3.jpg;609;256
Img_003_L_4.jpg;600;360
Img_003_L_5.jpg;580;359
Img_003_R_1.jpg;461;277
Img_003_R_2.jpg;618;326
Img_003_R_3.jpg;289;302
Img_003_R_4.jpg;461;389
Img_003_R_5.jpg;454;297
Img_004_L_1.jpg;671;273
Img_004_L_2.jpg;685;212
Img_004_L_3.jpg;659;351
Img_004_L_4.jpg;536;279
Img_004_L_5.jpg;605;266
Img_004_R_1.jpg;483;166
Img_004_R_2.jpg;342;233
Img_004_R_3.jpg;494;282
Img_004_R_4.jpg;581;349
Img_004_R_5.jpg;542;233
Img_005_L_1.jpg;724;354
Img_005_L_2.jpg;519;272
Img_005_L_3.jpg;654;286
Img_005_L_4.jpg;686;289
Img_005_L_5.jpg;482;326
Img_005_R_1.jpg;403;315
Img_005_R_2.jpg;381;336
Img_005_R_3.jpg;482;261
Img_005_R_4.jpg;485;294
Img_005_R_5.jpg;354;327
Img_006_L_1.jpg;659;440
Img_006_L_2.jpg;613;369
Img_006_L_3.jpg;449;411
Img_006_L_4.jpg;457;477
Img_006_L_5.jpg;457;402
Img_006_L_6.jpg;450;378
Img_006_R_1.jpg;502;381
Img_006_R_3.jpg;481;475
Img_006_R_4.jpg;346;469
Img_006_R_5.jpg;485;291
Img_007_L_1.jpg;592;289
Img_007_L_2.jpg;684;385
Img_007_L_3.jpg;640;371
Img_007_L_4.jpg;466;268
Img_007_L_5.jpg;540;338
Img_007_R_1.jpg;386;350
Img_007_R_2.jpg;458;322
Img_007_R_3.jpg;362;371
Img_007_R_4.jpg;364;311
Img_007_R_5.jpg;467;336
Img_008_L_1.jpg;469;299
Img_008_L_2.jpg;513;347
Img_008_L_3.jpg;411;335
Img_008_L_4.jpg;486;386
Img_008_R_1.jpg;550;292
Img_008_R_2.jpg;459;227
Img_008_R_3.jpg;317;334
Img_008_R_4.jpg;313;317
Img_008_R_5.jpg;400;362
Img_008_R_6.jpg;339;435
Img_009_L_1.jpg;459;286
Img_009_L_2.jpg;551;336
Img_009_L_3.jpg;629;377
Img_009_L_4.jpg;582;392
Img_009_L_5.jpg;578;375
Img_009_R_1.jpg;540;316
Img_009_R_2.jpg;400;342
Img_009_R_3.jpg;490;371
Img_009_R_4.jpg;455;347
Img_009_R_5.jpg;400;243
Img_010_L_1.jpg;422;452
Img_010_L_2.jpg;332;481
Img_010_L_3.jpg;485;414
Img_010_L_4.jpg;379;491
Img_010_L_5.jpg;498;379
Img_010_R_1.jpg;346;438
Img_010_R_2.jpg;352;455
Img_010_R_3.jpg;378;365
Img_010_R_4.jpg;389;469
Img_010_R_5.jpg;494;417
Img_011_L_1.jpg;523;217
Img_011_L_2.jpg;384;249
Img_011_L_3.jpg;475;335
Img_011_L_4.jpg;448;235
Img_011_L_5.jpg;410;316
Img_011_R_1.jpg;529;319
Img_011_R_2.jpg;612;318
Img_011_R_3.jpg;493;291
Img_011_R_4.jpg;522;352
Img_011_R_5.jpg;454;310
Img_012_L_1.jpg;439;348
Img_012_L_2.jpg;447;424
Img_012_L_3.jpg;324;406
Img_012_L_4.jpg;373;403
Img_012_L_5.jpg;468;391
Img_012_R_1.jpg;424;420
Img_012_R_2.jpg;445;384
Img_012_R_3.jpg;646;395
Img_012_R_4.jpg;669;392
Img_012_R_5.jpg;473;330
Img_013_L_1.jpg;503;351
Img_013_L_2.jpg;599;331
Img_013_L_3.jpg;659;407
Img_013_L_4.jpg;491;391
Img_013_L_5.jpg;452;358
Img_013_R_1.jpg;583;316
Img_013_R_2.jpg;334;411
Img_013_R_3.jpg;472;467
Img_013_R_4.jpg;372;426
Img_013_R_5.jpg;380;388
Img_014_L_1.jpg;605;397
Img_014_L_2.jpg;553;356
Img_014_L_3.jpg;551;382
Img_014_L_4.jpg;495;392
Img_014_L_5.jpg;587;326
Img_014_R_1.jpg;463;214
Img_014_R_2.jpg;452;292
Img_014_R_3.jpg;446;276
Img_014_R_4.jpg;525;307
Img_014_R_5.jpg;588;324
Img_015_L_1.jpg;532;362
Img_015_L_2.jpg;561;379
Img_015_L_3.jpg;503;308
Img_015_L_4.jpg;605;379
Img_015_L_5.jpg;569;337
Img_015_R_1.jpg;323;427
Img_015_R_2.jpg;333;406
Img_015_R_3.jpg;343;401
Img_015_R_4.jpg;371;383
Img_015_R_5.jpg;381;411
Img_016_L_1.jpg;517;350
Img_016_L_2.jpg;502;357
Img_016_L_3.jpg;653;411
Img_016_L_4.jpg;474;472
Img_016_L_5.jpg;603;434
Img_016_R_1.jpg;485;346
Img_016_R_2.jpg;350;397
Img_016_R_3.jpg;599;369
Img_016_R_4.jpg;576;410
Img_016_R_5.jpg;388;468
Img_017_L_1.jpg;461;330
Img_017_L_2.jpg;534;310
Img_017_L_3.jpg;550;355
Img_017_L_4.jpg;591;366
Img_017_L_5.jpg;507;321
Img_017_R_1.jpg;486;382
Img_017_R_2.jpg;433;390
Img_017_R_3.jpg;438;402
Img_017_R_4.jpg;378;368
Img_017_R_5.jpg;469;309
Img_018_L_1.jpg;391;297
Img_018_L_2.jpg;412;343
Img_018_L_3.jpg;454;346
Img_018_L_4.jpg;440;380
Img_018_L_5.jpg;518;453
Img_018_R_1.jpg;511;284
Img_018_R_2.jpg;564;291
Img_018_R_3.jpg;381;301
Img_018_R_4.jpg;441;414
Img_018_R_5.jpg;496;310
Img_019_L_1.jpg;341;376
Img_019_L_2.jpg;304;389
Img_019_L_3.jpg;303;394
Img_019_L_4.jpg;294;436
Img_019_L_5.jpg;299;388
Img_019_R_1.jpg;406;423
Img_019_R_2.jpg;374;358
Img_019_R_3.jpg;432;374
Img_019_R_4.jpg;412;461
Img_019_R_5.jpg;352;378
Img_020_L_1.jpg;435;417
Img_020_L_2.jpg;367;418
Img_020_L_3.jpg;383;391
Img_020_L_4.jpg;339;474
Img_020_L_5.jpg;434;431
Img_020_R_1.jpg;355;434
Img_020_R_2.jpg;392;371
Img_020_R_3.jpg;392;360
Img_020_R_4.jpg;374;396
Img_020_R_5.jpg;484;310
Img_021_L_1.jpg;542;388
Img_021_L_2.jpg;378;405
Img_021_L_3.jpg;567;352
Img_021_L_4.jpg;433;425
Img_021_L_5.jpg;646;359
Img_021_R_1.jpg;497;287
Img_021_R_2.jpg;530;436
Img_021_R_3.jpg;598;331
Img_021_R_4.jpg;528;334
Img_021_R_5.jpg;351;285
Img_022_L_1.jpg;438;455
Img_022_L_2.jpg;559;416
Img_022_L_3.jpg;437;426
Img_022_L_4.jpg;379;478
Img_022_L_5.jpg;246;480
Img_022_R_1.jpg;617;489
Img_022_R_2.jpg;407;396
Img_022_R_3.jpg;568;435
Img_022_R_4.jpg;484;406
Img_022_R_5.jpg;640;443
Img_023_L_1.jpg;664;342
Img_023_L_2.jpg;570;250
Img_023_L_3.jpg;598;240
Img_023_L_4.jpg;679;240
Img_023_L_5.jpg;453;287
Img_023_R_1.jpg;402;284
Img_023_R_2.jpg;622;322
Img_023_R_3.jpg;575;289
Img_023_R_4.jpg;538;298
Img_023_R_5.jpg;518;372
Img_024_L_1.jpg;637;466
Img_024_L_2.jpg;606;291
Img_024_L_3.jpg;583;458
Img_024_L_4.jpg;686;473
Img_024_L_5.jpg;511;479
Img_024_R_1.jpg;426;261
Img_024_R_2.jpg;376;429
Img_024_R_3.jpg;518;440
Img_024_R_4.jpg;552;261
Img_024_R_5.jpg;406;324
Img_025_L_1.jpg;537;435
Img_025_L_2.jpg;541;484
Img_025_L_3.jpg;449;418
Img_025_L_4.jpg;444;430
Img_025_L_5.jpg;384;456
Img_025_R_1.jpg;295;536
Img_025_R_2.jpg;392;430
Img_025_R_3.jpg;478;494
Img_025_R_4.jpg;474;423
Img_026_L_1.jpg;568;441
Img_026_L_2.jpg;491;508
Img_026_L_3.jpg;463;549
Img_026_L_4.jpg;476;462
Img_026_L_5.jpg;626;584
Img_026_R_1.jpg;388;506
Img_026_R_2.jpg;446;538
Img_026_R_3.jpg;446;383
Img_026_R_4.jpg;397;529
Img_026_R_5.jpg;545;373
Img_027_L_1.jpg;491;208
Img_027_L_2.jpg;385;451
Img_027_L_3.jpg;379;357
Img_027_L_4.jpg;472;374
Img_027_L_5.jpg;480;351
Img_027_R_1.jpg;451;339
Img_027_R_2.jpg;337;401
Img_027_R_3.jpg;423;315
Img_027_R_4.jpg;437;358
Img_027_R_5.jpg;494;352
Img_028_L_1.jpg;400;481
Img_028_L_2.jpg;382;413
Img_028_L_3.jpg;363;394
Img_028_L_4.jpg;554;366
Img_028_L_5.jpg;522;327
Img_028_R_1.jpg;454;438
Img_028_R_2.jpg;371;334
Img_028_R_4.jpg;322;306
Img_028_R_5.jpg;369;359
Img_029_L_1.jpg;473;239
Img_029_L_2.jpg;485;461
Img_029_L_3.jpg;530;455
Img_029_L_4.jpg;637;354
Img_029_L_5.jpg;407;488
Img_029_R_1.jpg;568;350
Img_029_R_2.jpg;510;336
Img_029_R_3.jpg;567;310
Img_029_R_4.jpg;559;465
Img_029_R_5.jpg;443;346
Img_030_L_1.jpg;593;375
Img_030_L_2.jpg;600;363
Img_030_L_3.jpg;572;416
Img_030_L_4.jpg;583;459
Img_030_L_5.jpg;478;500
Img_030_R_1.jpg;496;373
Img_030_R_2.jpg;503;196
Img_030_R_3.jpg;471;324
Img_030_R_4.jpg;333;371
Img_030_R_5.jpg;682;410
Img_031_L_1.jpg;654;389
Img_031_L_2.jpg;599;425
Img_031_L_3.jpg;544;418
Img_031_L_4.jpg;634;506
Img_031_L_5.jpg;540;489
Img_031_R_1.jpg;376;299
Img_031_R_2.jpg;391;325
Img_031_R_3.jpg;437;483
Img_031_R_4.jpg;436;437
Img_031_R_5.jpg;492;445
Img_032_L_1.jpg;736;276
Img_032_L_2.jpg;562;420
Img_032_L_3.jpg;656;370
Img_032_L_4.jpg;579;349
Img_032_L_5.jpg;624;371
Img_032_R_1.jpg;816;313
Img_032_R_2.jpg;297;325
Img_032_R_3.jpg;359;360
Img_032_R_4.jpg;632;265
Img_032_R_5.jpg;564;349
Img_033_L_1.jpg;519;314
Img_033_L_2.jpg;524;371
Img_033_L_3.jpg;531;282
Img_033_L_4.jpg;550;381
Img_033_L_5.jpg;510;352
Img_033_R_1.jpg;474;305
Img_033_R_2.jpg;433;422
Img_033_R_3.jpg;600;405
Img_033_R_4.jpg;410;307
Img_033_R_5.jpg;464;403
Img_034_L_1.jpg;453;427
Img_034_L_2.jpg;568;444
Img_034_L_3.jpg;588;492
Img_034_L_4.jpg;541;373
Img_034_L_5.jpg;540;440
Img_034_R_1.jpg;522;399
Img_034_R_2.jpg;452;462
Img_034_R_3.jpg;460;440
Img_034_R_4.jpg;651;452
Img_034_R_5.jpg;584;376
Img_035_L_1.jpg;555;513
Img_035_L_2.jpg;493;471
Img_035_L_3.jpg;791;433
Img_035_L_4.jpg;578;438
Img_035_L_5.jpg;719;418
Img_035_R_1.jpg;419;448
Img_035_R_2.jpg;552;353
Img_035_R_3.jpg;483;520
Img_035_R_4.jpg;330;529
Img_036_L_1.jpg;546;394
Img_036_L_2.jpg;700;441
Img_036_L_3.jpg;552;461
Img_036_L_4.jpg;611;451
Img_036_L_5.jpg;639;368
Img_036_R_1.jpg;564;378
Img_036_R_2.jpg;548;339
Img_036_R_3.jpg;680;360
Img_036_R_4.jpg;597;309
Img_036_R_5.jpg;523;403
Img_037_L_1.jpg;490;408
Img_037_L_2.jpg;435;314
Img_037_L_3.jpg;550;413
Img_037_L_4.jpg;414;389
Img_037_L_5.jpg;445;315
Img_037_R_1.jpg;657;332
Img_037_R_2.jpg;701;250
Img_037_R_3.jpg;575;342
Img_037_R_4.jpg;552;276
Img_037_R_5.jpg;428;264
Img_038_L_1.jpg;631;448
Img_038_L_2.jpg;591;491
Img_038_L_3.jpg;520;471
Img_038_L_4.jpg;515;450
Img_038_L_5.jpg;545;342
Img_038_R_1.jpg;407;468
Img_038_R_2.jpg;430;522
Img_038_R_3.jpg;459;399
Img_038_R_4.jpg;448;436
Img_038_R_5.jpg;450;360
Img_039_L_1.jpg;580;447
Img_039_L_2.jpg;528;427
Img_039_L_3.jpg;501;455
Img_039_L_4.jpg;502;432
Img_039_L_5.jpg;537;428
Img_039_R_1.jpg;351;406
Img_039_R_2.jpg;442;453
Img_039_R_3.jpg;483;367
Img_039_R_4.jpg;465;439
Img_039_R_5.jpg;736;380
Img_040_L_1.jpg;548;236
Img_040_L_2.jpg;532;368
Img_040_L_3.jpg;577;297
Img_040_L_4.jpg;607;297
Img_040_L_5.jpg;525;326
Img_040_R_1.jpg;374;372
Img_040_R_2.jpg;410;391
Img_040_R_3.jpg;361;415
Img_040_R_4.jpg;328;403
Img_040_R_5.jpg;480;336
Img_041_L_1.jpg;667;339
Img_041_L_2.jpg;612;396
Img_041_L_3.jpg;586;330
Img_041_L_4.jpg;548;319
Img_041_L_5.jpg;596;328
Img_041_R_1.jpg;564;335
Img_041_R_2.jpg;510;361
Img_041_R_3.jpg;495;323
Img_041_R_4.jpg;564;372
Img_041_R_5.jpg;493;405
Img_042_L_1.jpg;640;288
Img_042_L_2.jpg;617;470
Img_042_L_3.jpg;697;436
Img_042_L_4.jpg;669;343
Img_042_L_5.jpg;646;389
Img_042_R_1.jpg;521;312
Img_042_R_2.jpg;395;391
Img_042_R_3.jpg;481;445
Img_042_R_4.jpg;462;389
Img_042_R_5.jpg;605;438
Img_043_L_1.jpg;565;374
Img_043_L_2.jpg;504;455
Img_043_L_3.jpg;667;358
Img_043_L_4.jpg;673;443
Img_043_L_5.jpg;555;435
Img_043_R_1.jpg;679;448
Img_043_R_2.jpg;322;505
Img_043_R_3.jpg;718;354
Img_043_R_4.jpg;684;328
Img_043_R_5.jpg;486;412
Img_044_L_1.jpg;389;307
Img_044_L_2.jpg;478;441
Img_044_L_3.jpg;463;347
Img_044_L_4.jpg;421;332
Img_044_L_5.jpg;456;316
Img_044_R_1.jpg;321;401
Img_044_R_2.jpg;521;399
Img_044_R_3.jpg;357;369
Img_044_R_4.jpg;307;455
Img_045_L_1.jpg;510;317
Img_045_L_2.jpg;517;468
Img_045_L_3.jpg;562;290
Img_045_L_4.jpg;593;350
Img_045_L_5.jpg;600;261
Img_045_R_1.jpg;552;383
Img_045_R_2.jpg;566;477
Img_045_R_3.jpg;446;253
Img_045_R_4.jpg;387;409
Img_045_R_5.jpg;502;232
Img_046_L_1.jpg;473;210
Img_046_L_2.jpg;409;286
Img_046_L_3.jpg;438;254
Img_046_L_4.jpg;434;271
Img_046_L_5.jpg;436;267
Img_046_R_1.jpg;361;270
Img_046_R_2.jpg;576;261
Img_046_R_3.jpg;415;275
Img_046_R_4.jpg;401;329
Img_046_R_5.jpg;415;310
Img_047_L_1.jpg;433;421
Img_047_L_2.jpg;500;443
Img_047_L_3.jpg;482;468
Img_047_L_4.jpg;646;431
Img_047_L_5.jpg;564;425
Img_047_R_1.jpg;482;485
Img_047_R_2.jpg;351;456
Img_047_R_3.jpg;453;354
Img_047_R_4.jpg;447;420
Img_047_R_5.jpg;378;383
Img_048_L_1.jpg;668;301
Img_048_L_2.jpg;637;242
Img_048_L_3.jpg;637;258
Img_048_L_4.jpg;570;222
Img_048_L_5.jpg;674;352
Img_048_R_1.jpg;354;341
Img_048_R_2.jpg;438;281
Img_048_R_3.jpg;270;288
Img_048_R_4.jpg;309;354
Img_048_R_5.jpg;392;313
Img_049_L_1.jpg;493;165
Img_049_L_2.jpg;427;135
Img_049_L_3.jpg;417;199
Img_049_L_4.jpg;553;239
Img_049_L_5.jpg;457;234
Img_049_R_1.jpg;400;291
Img_049_R_2.jpg;418;211
Img_049_R_3.jpg;427;200
Img_049_R_4.jpg;542;188
Img_049_R_5.jpg;549;201
Img_050_L_1.jpg;583;240
Img_050_L_2.jpg;539;306
Img_050_L_3.jpg;539;334
Img_050_L_4.jpg;602;343
Img_050_L_5.jpg;546;264
Img_050_R_1.jpg;477;274
Img_050_R_2.jpg;551;363
Img_050_R_3.jpg;470;319
Img_050_R_4.jpg;578;261
Img_050_R_5.jpg;406;369
Img_051_L_1.jpg;517;397
Img_051_L_2.jpg;582;360
Img_051_L_3.jpg;488;432
Img_051_L_4.jpg;535;401
Img_051_L_5.jpg;456;337
Img_051_R_1.jpg;505;381
Img_051_R_3.jpg;455;419
Img_051_R_4.jpg;551;343
Img_051_R_5.jpg;609;360
Img_052_L_1.jpg;547;398
Img_052_L_2.jpg;536;408
Img_052_L_3.jpg;524;456
Img_052_L_4.jpg;615;437
Img_052_L_5.jpg;591;368
Img_052_R_1.jpg;398;378
Img_052_R_3.jpg;604;310
Img_052_R_4.jpg;558;250
Img_052_R_5.jpg;544;282
Img_053_L_1.jpg;600;462
Img_053_L_2.jpg;655;397
Img_053_L_3.jpg;542;272
Img_053_L_4.jpg;418;354
Img_053_L_5.jpg;582;129
Img_053_R_1.jpg;518;391
Img_053_R_2.jpg;479;429
Img_053_R_3.jpg;349;480
Img_053_R_4.jpg;404;445
Img_053_R_5.jpg;430;249
Img_054_L_1.jpg;545;242
Img_054_L_2.jpg;442;347
Img_054_L_3.jpg;549;220
Img_054_L_4.jpg;678;332
Img_054_L_5.jpg;580;242
Img_054_R_1.jpg;420;225
Img_054_R_2.jpg;554;188
Img_054_R_3.jpg;628;239
Img_054_R_4.jpg;482;256
Img_054_R_5.jpg;518;306
Img_055_L_1.jpg;650;266
Img_055_L_2.jpg;534;400
Img_055_L_3.jpg;566;311
Img_055_L_4.jpg;556;395
Img_055_L_5.jpg;486;354
Img_055_R_1.jpg;346;388
Img_055_R_2.jpg;448;498
Img_055_R_3.jpg;380;398
Img_055_R_4.jpg;538;415
Img_055_R_5.jpg;520;446
Img_056_L_1.jpg;478;282
Img_056_L_2.jpg;491;330
Img_056_L_3.jpg;465;268
Img_056_L_4.jpg;507;406
Img_056_L_5.jpg;610;319
Img_056_R_1.jpg;405;183
Img_056_R_2.jpg;414;252
Img_056_R_3.jpg;490;220
Img_056_R_4.jpg;481;286
Img_056_R_5.jpg;360;309
Img_057_L_1.jpg;458;387
Img_057_L_2.jpg;422;399
Img_057_L_3.jpg;541;434
Img_057_L_4.jpg;489;418
Img_057_L_5.jpg;450;386
Img_057_R_1.jpg;381;445
Img_057_R_2.jpg;362;454
Img_057_R_3.jpg;412;446
Img_057_R_4.jpg;397;391
Img_057_R_5.jpg;338;400
Img_058_L_1.jpg;450;433
Img_058_L_2.jpg;461;438
Img_058_L_3.jpg;439;368
Img_058_L_4.jpg;457;396
Img_058_L_5.jpg;630;376
Img_058_R_1.jpg;485;356
Img_058_R_2.jpg;427;388
Img_058_R_3.jpg;444;336
Img_058_R_4.jpg;577;307
Img_058_R_5.jpg;577;340
Img_059_L_1.jpg;381;338
Img_059_L_2.jpg;485;188
Img_059_L_3.jpg;442;216
Img_059_L_4.jpg;547;232
Img_059_L_5.jpg;473;324
Img_059_R_1.jpg;426;163
Img_059_R_2.jpg;530;238
Img_059_R_3.jpg;459;268
Img_059_R_4.jpg;435;316
Img_059_R_5.jpg;435;272
Img_060_L_1.jpg;515;462
Img_060_L_2.jpg;397;301
Img_060_L_3.jpg;639;246
Img_060_L_4.jpg;511;304
Img_060_L_5.jpg;524;369
Img_060_R_1.jpg;524;404
Img_060_R_2.jpg;655;296
Img_060_R_3.jpg;625;310
Img_060_R_4.jpg;534;309
Img_060_R_5.jpg;684;358
Img_061_L_1.jpg;626;446
Img_061_L_10.jpg;404;351
Img_061_L_2.jpg;500;459
Img_061_L_3.jpg;547;422
Img_061_L_4.jpg;456;451
Img_061_L_5.jpg;525;369
Img_061_L_6.jpg;403;398
Img_061_L_7.jpg;492;370
Img_061_L_8.jpg;510;376
Img_061_L_9.jpg;550;422
Img_061_R_1.jpg;547;381
Img_061_R_10.jpg;523;368
Img_061_R_2.jpg;361;428
Img_061_R_3.jpg;496;375
Img_061_R_4.jpg;587;357
Img_061_R_5.jpg;543;403
Img_061_R_6.jpg;478;310
Img_061_R_7.jpg;479;274
Img_061_R_8.jpg;579;374
Img_061_R_9.jpg;475;394
Img_062_L_1.jpg;477;369
Img_062_L_2.jpg;611;283
Img_062_L_3.jpg;555;279
Img_062_L_4.jpg;590;345
Img_062_L_5.jpg;624;413
Img_062_R_1.jpg;485;338
Img_062_R_2.jpg;397;289
Img_062_R_3.jpg;651;320
Img_062_R_4.jpg;600;294
Img_062_R_5.jpg;570;314
Img_063_L_1.jpg;500;492
Img_063_L_2.jpg;511;418
Img_063_L_3.jpg;453;322
Img_063_L_4.jpg;550;354
Img_063_L_5.jpg;377;378
Img_063_R_1.jpg;396;362
Img_063_R_2.jpg;323;379
Img_063_R_3.jpg;571;318
Img_063_R_4.jpg;375;386
Img_063_R_5.jpg;560;321
Img_064_L_1.jpg;614;270
Img_064_L_2.jpg;558;322
Img_064_L_3.jpg;476;466
Img_064_L_4.jpg;527;238
Img_064_L_5.jpg;501;327
Img_064_R_1.jpg;532;361
Img_064_R_2.jpg;470;423
Img_064_R_3.jpg;365;389
Img_064_R_4.jpg;490;349
Img_064_R_5.jpg;459;392
Img_065_L_1.jpg;430;339
Img_065_L_2.jpg;520;410
Img_065_L_3.jpg;544;463
Img_065_L_4.jpg;466;370
Img_065_L_5.jpg;459;472
Img_065_R_1.jpg;522;344
Img_065_R_2.jpg;657;431
Img_065_R_3.jpg;554;316
Img_065_R_4.jpg;664;437
Img_065_R_5.jpg;672;427
Img_066_L_1.jpg;608;296
Img_066_L_2.jpg;448;466
Img_066_L_3.jpg;408;366
Img_066_L_4.jpg;442;343
Img_066_L_5.jpg;484;308
Img_066_R_1.jpg;494;326
Img_066_R_2.jpg;519;460
Img_066_R_3.jpg;309;423
Img_066_R_4.jpg;352;395
Img_066_R_5.jpg;481;335
Img_067_L_1.jpg;600;388
Img_067_L_2.jpg;575;385
Img_067_L_3.jpg;608;382
Img_067_L_4.jpg;687;356
Img_067_L_5.jpg;571;380
Img_067_R_1.jpg;683;261
Img_067_R_2.jpg;353;425
Img_067_R_3.jpg;410;466
Img_067_R_4.jpg;436;393
Img_067_R_5.jpg;418;423
Img_068_L_1.jpg;552;269
Img_068_L_2.jpg;449;299
Img_068_L_3.jpg;444;199
Img_068_L_4.jpg;473;270
Img_068_L_5.jpg;603;358
Img_068_R_1.jpg;527;295
Img_068_R_2.jpg;437;264
Img_068_R_3.jpg;396;238
Img_068_R_4.jpg;415;212
Img_068_R_5.jpg;544;241
Img_069_L_1.jpg;596;385
Img_069_L_2.jpg;574;503
Img_069_L_3.jpg;641;416
Img_069_L_4.jpg;694;443
Img_069_L_5.jpg;723;379
Img_069_R_1.jpg;462;438
Img_069_R_2.jpg;598;443
Img_069_R_3.jpg;612;341
Img_069_R_4.jpg;460;412
Img_069_R_5.jpg;372;477
Img_070_L_1.jpg;454;355
Img_070_L_2.jpg;438;464
Img_070_L_3.jpg;737;392
Img_070_L_4.jpg;694;385
Img_070_L_5.jpg;600;347
Img_070_R_1.jpg;364;408
Img_070_R_2.jpg;484;401
Img_070_R_3.jpg;450;400
Img_070_R_4.jpg;505;413
Img_070_R_5.jpg;675;343
Img_071_L_1.jpg;463;195
Img_071_L_2.jpg;569;269
Img_071_L_4.jpg;542;211
Img_071_L_5.jpg;662;352
Img_071_R_1.jpg;487;323
Img_071_R_3.jpg;540;360
Img_071_R_4.jpg;486;424
Img_071_R_5.jpg;544;358
Img_072_L_1.jpg;585;431
Img_072_L_2.jpg;697;205
Img_072_L_3.jpg;497;252
Img_072_L_4.jpg;567;230
Img_072_L_5.jpg;455;307
Img_072_R_1.jpg;660;473
Img_072_R_2.jpg;477;370
Img_072_R_3.jpg;359;363
Img_072_R_4.jpg;462;373
Img_072_R_5.jpg;582;360
Img_073_L_1.jpg;423;334
Img_073_L_2.jpg;519;349
Img_073_L_3.jpg;366;432
Img_073_L_4.jpg;409;405
Img_073_L_5.jpg;399;381
Img_073_R_1.jpg;435;264
Img_073_R_2.jpg;514;274
Img_073_R_3.jpg;494;294
Img_073_R_4.jpg;591;265
Img_073_R_5.jpg;614;229
Img_074_L_1.jpg;430;203
Img_074_L_2.jpg;397;218
Img_074_L_3.jpg;344;248
Img_074_L_4.jpg;355;202
Img_074_L_5.jpg;494;266
Img_074_R_1.jpg;375;382
Img_074_R_2.jpg;399;360
Img_074_R_3.jpg;515;378
Img_074_R_4.jpg;497;252
Img_074_R_5.jpg;365;368
Img_075_L_1.jpg;402;353
Img_075_L_2.jpg;322;341
Img_075_L_3.jpg;471;229
Img_075_L_4.jpg;545;320
Img_075_L_5.jpg;561;304
Img_075_L_6.jpg;570;279
Img_075_R_1.jpg;307;294
Img_075_R_2.jpg;418;229
Img_075_R_3.jpg;423;299
Img_075_R_4.jpg;451;234
Img_076_L_1.jpg;592;263
Img_076_L_2.jpg;671;286
Img_076_L_3.jpg;414;186
Img_076_L_4.jpg;590;313
Img_076_L_5.jpg;749;247
Img_076_R_1.jpg;427;265
Img_076_R_2.jpg;389;201
Img_076_R_3.jpg;332;266
Img_076_R_4.jpg;407;348
Img_076_R_5.jpg;430;383
Img_077_L_1.jpg;383;242
Img_077_L_2.jpg;375;472
Img_077_L_3.jpg;384;383
Img_077_L_4.jpg;558;358
Img_077_L_5.jpg;612;403
Img_077_R_1.jpg;496;338
Img_077_R_2.jpg;446;370
Img_077_R_3.jpg;499;400
Img_077_R_4.jpg;316;422
Img_077_R_5.jpg;324;405
Img_078_L_1.jpg;471;319
Img_078_L_2.jpg;394;225
Img_078_L_3.jpg;451;241
Img_078_L_4.jpg;632;218
Img_078_L_5.jpg;619;276
Img_078_R_1.jpg;386;293
Img_078_R_2.jpg;382;312
Img_078_R_3.jpg;329;369
Img_078_R_4.jpg;329;371
Img_078_R_5.jpg;446;392
Img_079_L_1.jpg;562;329
Img_079_L_2.jpg;534;358
Img_079_L_3.jpg;325;383
Img_079_L_4.jpg;445;370
Img_079_L_5.jpg;392;380
Img_079_R_1.jpg;632;327
Img_079_R_2.jpg;604;326
Img_079_R_3.jpg;690;407
Img_079_R_4.jpg;531;343
Img_079_R_5.jpg;657;353
